{"cameraMode":{"drawMode":0,"name":"Shaded","section":"Shading Mode"},"sceneLighting":false,"audioPlay":false,"sceneViewState":{"m_AlwaysRefresh":false,"showFog":true,"showSkybox":false,"showFlares":true,"showImageEffects":true,"showParticleSystems":true,"showVisualEffectGraphs":true,"m_FxEnabled":true},"in2DMode":false,"pivot":{"x":-0.0728830099105835,"y":0.9400527477264404,"z":1.117368221282959},"rotation":{"x":-0.2013135701417923,"y":0.012660941109061242,"z":-0.0025036579463630916,"w":-0.978959858417511},"size":2.457664728164673,"orthographic":false}