{"cameraMode":{"drawMode":0,"name":"Shaded","section":"Shading Mode"},"sceneLighting":false,"audioPlay":false,"sceneViewState":{"m_AlwaysRefresh":false,"showFog":true,"showSkybox":false,"showFlares":true,"showImageEffects":true,"showParticleSystems":true,"showVisualEffectGraphs":true,"m_FxEnabled":true},"in2DMode":false,"pivot":{"x":0.6251422762870789,"y":1.4375354051589966,"z":-2.0153117179870607},"rotation":{"x":-0.07667916268110275,"y":-0.017009522765874864,"z":0.001563108991831541,"w":-0.9963626861572266},"size":0.7354639172554016,"orthographic":false}