{"cameraMode":{"drawMode":0,"name":"Shaded","section":"Shading Mode"},"sceneLighting":false,"audioPlay":false,"sceneViewState":{"m_AlwaysRefresh":false,"showFog":true,"showSkybox":false,"showFlares":true,"showImageEffects":true,"showParticleSystems":true,"showVisualEffectGraphs":true,"m_FxEnabled":true},"in2DMode":false,"pivot":{"x":150.40000915527345,"y":109.27999877929688,"z":4.799999237060547},"rotation":{"x":-0.13621167838573457,"y":0.042468175292015079,"z":-0.005961088929325342,"w":-0.9894340634346008},"size":614.700927734375,"orthographic":false}