{"cameraMode":{"drawMode":0,"name":"Shaded","section":"Shading Mode"},"sceneLighting":false,"audioPlay":false,"sceneViewState":{"m_AlwaysRefresh":false,"showFog":true,"showSkybox":false,"showFlares":true,"showImageEffects":true,"showParticleSystems":true,"showVisualEffectGraphs":true,"m_FxEnabled":true},"in2DMode":false,"pivot":{"x":0.43378427624702456,"y":-2.1529252529144289,"z":-10.782225608825684},"rotation":{"x":-0.005118298809975386,"y":0.9938705563545227,"z":-0.08701684325933457,"w":-0.062108948826789859},"size":11.298445701599121,"orthographic":false}